#{"t_start": 1756509039.3470886, "env_id": "PickCube-v1"}
r,l,t
22.373818,50,2.435423
9.798095,50,3.192714
6.090267,50,3.55843
16.653825,50,3.930802
6.019888,50,4.305145
16.641733,50,4.679606
5.207705,50,5.050778
7.492512,50,5.443569
9.532526,50,5.841294
5.845192,50,6.236719
23.318949,50,6.611997
16.342093,50,6.982745
8.810556,50,7.351034
5.963039,50,7.723814
6.685865,50,8.09233
2.820726,50,8.459746
4.469279,50,8.827667
5.418361,50,9.211716
8.167973,50,9.579931
11.680605,50,9.984179
9.187109,50,10.355132
10.508952,50,10.732288
9.674791,50,11.099531
4.86399,50,11.465583
20.364212,50,11.833418
7.013091,50,12.20132
18.68451,50,12.574653
13.943225,50,12.942718
11.95018,50,13.315452
8.431132,50,13.680093
22.743896,50,14.048466
6.005014,50,14.41212
6.085819,50,14.788359
16.202672,50,15.161398
8.459987,50,15.525237
10.513692,50,15.90333
8.294322,50,16.280192
10.259297,50,16.647552
12.808997,50,17.013057
6.519924,50,17.388472
9.063362,50,17.759656
4.602892,50,18.128593
15.019912,50,18.512601
10.86701,50,18.879903
4.447513,50,19.28513
5.081562,50,19.65025
6.92285,50,20.016673
7.920851,50,20.387348
3.812518,50,20.754855
11.4133,50,21.122014
18.58129,50,21.494752
15.243867,50,21.862341
7.536984,50,22.22694
9.031045,50,22.601053
7.956304,50,22.967213
11.561319,50,23.349284
16.65822,50,23.722859
11.908903,50,24.091483
9.49239,50,24.455076
11.890993,50,24.826386
21.581926,50,25.198121
7.93289,50,25.570744
4.836829,50,25.943469
6.550178,50,26.318017
13.422463,50,26.701348
22.564143,50,27.077863
7.178233,50,27.444948
3.077538,50,27.809669
7.055842,50,28.197645
10.263639,50,28.566171
19.007175,50,28.943501
24.537032,50,29.322621
21.711294,50,29.703149
8.512415,50,30.102289
9.050257,50,30.477641
6.807672,50,30.84469
18.033518,50,31.213944
8.303651,50,31.58878
7.670826,50,31.959669
23.920561,50,32.343972
15.650095,50,32.71094
11.772244,50,33.076595
10.826269,50,33.441577
8.366184,50,33.807981
3.213476,50,34.174943
15.473772,50,34.548362
20.762711,50,34.923622
7.502203,50,35.290198
28.147275,50,35.669433
23.051573,50,36.052533
8.496117,50,36.419557
12.058013,50,36.787894
7.180656,50,37.164403
10.070933,50,37.534535
12.887572,50,37.903277
10.184681,50,38.269691
16.836509,50,38.647826
16.024941,50,39.01387
6.973049,50,39.381063
17.06041,50,39.785805
3.181788,50,40.162585
9.291113,50,40.541759
6.177987,50,40.915027
7.22771,50,41.288696
17.546252,50,41.659103
7.410995,50,42.033539
16.304644,50,42.417941
4.129792,50,42.793754
7.319533,50,43.162282
4.708951,50,43.529099
3.964332,50,43.905028
15.391923,50,44.280284
4.48493,50,44.64928
3.00419,50,45.020674
21.451382,50,45.38702
13.893255,50,45.759903
9.243614,50,46.133626
11.066205,50,46.508459
2.364448,50,46.886972
9.931891,50,47.257835
7.185017,50,47.626746
7.528975,50,48.002843
12.505044,50,48.386454
17.029755,50,48.791515
3.892119,50,49.157629
9.521155,50,49.532233
17.875345,50,49.90995
6.950716,50,50.285861
7.24183,50,50.65174
8.635831,50,51.026487
7.59614,50,51.400301
20.331255,50,51.78433
8.501454,50,52.15217
16.14872,50,52.534742
3.66681,50,52.939448
17.396737,50,53.307656
14.55482,50,53.674754
15.555046,50,54.04506
8.842989,50,54.410905
23.327175,50,54.781714
10.099441,50,55.151286
12.156585,50,55.526128
4.300818,50,55.899823
18.631284,50,56.283712
9.19272,50,56.654187
20.730822,50,57.028686
2.468695,50,57.453167
9.891559,50,57.82554
14.928557,50,58.200469
13.41078,50,58.573109
12.489224,50,58.939748
9.33614,50,59.304932
11.449122,50,59.682224
14.431934,50,60.050277
4.697387,50,60.425171
17.258643,50,60.801293
12.208183,50,61.179896
7.58197,50,61.551074
6.751333,50,61.925667
10.865625,50,62.301092
16.546075,50,62.671272
7.005768,50,63.039588
6.061293,50,63.414044
2.202279,50,63.797506
15.91792,50,64.16622
8.102735,50,64.533412
2.73917,50,64.898606
7.268251,50,65.275341
8.42887,50,65.661953
1.719289,50,66.036964
8.400694,50,66.412356
5.56478,50,66.778058
15.564003,50,67.147965
21.023595,50,67.516977
10.546407,50,67.884416
21.027783,34,68.180419
22.894694,50,68.540651
10.914988,50,68.910873
6.454356,50,69.285264
22.022173,50,69.652237
10.729093,50,70.019108
4.790416,50,70.393898
14.192204,50,70.764257
8.529399,50,71.131624
4.331049,50,71.50313
6.441632,50,71.875563
1.859553,50,72.249558
6.128119,50,72.617995
10.128285,50,72.987718
12.785354,50,73.354129
6.290725,50,73.761832
4.162345,50,74.127005
4.900938,50,74.501771
12.766195,50,74.868757
10.857868,50,75.241585
7.453424,50,75.618361
4.491084,50,75.995434
16.469839,50,76.376035
10.345081,50,76.75124
11.046053,50,77.120948
8.0559,50,79.506159
12.989253,50,80.225678
7.759692,50,80.948942
15.44043,50,81.671625
12.62312,50,82.395432
17.926684,50,83.114355
9.791022,50,83.825795
15.44446,50,84.53107
12.995009,50,85.261908
7.513581,50,85.965209
15.227651,50,86.662911
6.609744,50,87.360911
4.585868,50,88.060859
15.220206,50,88.782269
8.686517,50,89.503426
21.964751,50,90.208956
21.489653,50,90.934703
20.171704,50,91.658859
19.1422,50,92.384047
19.557369,50,93.118234
23.324614,50,93.838149
7.46957,50,94.55744
14.197413,50,95.272934
14.368401,50,95.990371
8.482878,50,96.693903
18.210819,50,97.405144
21.617232,50,98.106398
24.71194,50,98.819143
19.537477,50,99.539237
20.815925,50,100.260045
7.34648,50,100.963186
6.098556,50,101.668403
14.848705,50,102.383576
28.738298,50,103.088065
14.933445,50,103.785284
23.002303,50,104.484855
11.247919,50,105.185995
16.770215,50,105.887947
13.809369,50,106.624852
11.71643,50,107.326757
15.197675,50,108.039114
21.607986,50,108.751365
16.16304,50,109.449518
21.7035,50,110.171915
17.751966,50,110.877704
21.501889,50,111.587076
18.09641,50,112.318248
20.253335,50,113.043137
25.378697,50,113.772148
14.479473,50,114.46999
22.299765,50,115.177372
9.82973,50,115.877836
17.472738,50,116.592003
16.997633,50,117.319478
15.169055,50,118.046205
22.313035,50,118.76821
22.166773,50,119.478279
23.381603,50,120.224841
9.214151,50,120.931973
16.702165,50,121.668957
27.413844,50,122.387575
11.143202,50,123.109895
11.752305,50,123.806756
21.590823,50,124.519894
17.898215,50,125.24636
11.604059,50,125.970218
21.869017,50,126.698412
22.326113,50,127.427331
25.000442,50,128.144564
19.969131,50,128.873861
26.222659,50,129.586556
21.655368,50,130.295674
15.387076,50,131.01835
19.07274,50,131.722964
15.837173,50,132.440153
21.106036,50,133.148894
23.783825,50,133.854781
20.660294,50,134.567089
26.612073,50,135.276571
26.619316,50,135.995579
25.326905,50,136.729172
23.897811,50,137.443502
15.776375,50,138.143122
22.741028,50,138.853752
30.018949,50,139.573439
13.974128,50,140.275057
27.485477,50,140.989254
14.798682,50,141.691197
21.263642,50,142.40219
15.885475,50,143.166005
25.403345,50,143.871789
18.423083,50,144.572165
21.379755,50,145.27929
27.773465,50,146.007186
28.45064,50,146.71945
23.368592,50,147.450906
21.129281,50,148.155829
24.71457,50,148.867542
23.965157,50,149.57318
19.578978,50,150.286817
26.466025,50,151.014503
23.469499,50,151.727193
26.088509,50,152.488657
28.940389,50,153.224082
14.590783,50,153.932228
15.999645,50,154.655227
27.177503,50,155.37052
23.436642,50,156.086303
28.512362,50,156.801159
29.672698,50,157.52749
16.680019,50,158.234326
21.857861,50,158.942645
23.837021,50,159.650868
38.251169,50,160.399427
27.403555,50,161.114907
27.1765,50,161.828442
26.43287,50,162.576618
28.210853,50,163.286095
45.140701,50,164.044477
50.460388,50,164.761254
29.114225,50,165.479685
26.966194,50,166.200689
30.544117,50,166.908454
27.045044,50,167.635574
27.778618,50,168.353322
19.231209,50,169.075748
20.252764,50,169.786407
27.448973,50,170.51527
21.714133,50,171.224865
26.968531,50,171.962385
29.337768,50,172.679508
32.424141,50,173.395292
25.152272,50,174.114526
32.050263,50,174.827225
24.180312,50,175.556877
20.125826,50,176.269182
28.923417,50,176.978072
20.121888,50,177.70982
26.55858,50,178.443405
31.069532,50,179.153577
26.87093,50,179.871409
29.63548,50,180.628038
24.321712,50,181.367885
29.416363,50,182.077626
15.788638,50,182.789211
25.575015,50,183.517761
31.628275,50,184.23421
23.731499,50,184.987267
26.253282,50,185.697094
28.201321,50,186.427186
32.246827,50,187.145207
27.544916,50,187.865094
27.237092,50,188.598909
25.708189,50,189.3124
22.216503,50,190.042459
32.006739,50,190.753155
28.400613,50,191.475477
76.01254,50,192.204382
20.06479,50,192.9266
27.023575,50,193.659053
31.635743,50,194.380147
31.619972,50,195.11364
25.628592,50,195.845793
26.093825,50,196.554393
29.272859,50,197.282864
35.070712,50,198.014505
39.548126,50,198.734496
31.328877,50,199.456895
31.728497,50,200.160865
35.737298,50,200.883541
25.732016,50,201.598095
27.323079,50,202.314635
32.679372,50,203.026146
14.528619,50,203.753471
32.65041,50,204.462815
33.810874,50,205.215805
26.250036,50,205.931958
31.437652,50,206.658149
31.509542,50,207.375804
37.762261,50,208.08463
34.922428,50,208.821941
29.613345,50,209.529692
27.114687,50,210.245274
40.022838,50,210.975393
27.846475,50,211.693722
29.525532,50,212.419796
32.212107,50,213.137568
33.348683,50,213.871921
46.517114,50,214.606754
31.968853,50,215.343691
21.684801,50,216.062311
28.587497,50,216.801246
33.115297,50,217.523001
35.556473,50,218.290045
15.559463,50,218.987977
26.226548,50,219.688821
26.94785,50,220.398334
31.418536,50,221.141699
29.135583,50,221.895025
21.77845,50,222.606031
25.126872,50,223.328818
19.333537,50,224.062147
26.146089,50,224.768213
45.561885,50,225.481906
30.599748,50,226.202936
23.15037,50,226.92491
36.000844,50,227.649559
29.981344,50,228.365668
65.722264,50,229.09782
29.260254,50,229.831738
27.118105,50,230.553176
40.571325,50,231.291325
25.301862,50,232.0191
27.565261,50,232.757282
19.197755,50,233.492853
30.200255,50,234.205013
35.188893,50,234.922162
30.765579,50,235.661858
36.237054,50,236.395701
37.751678,50,237.134506
36.294075,50,237.887493
30.231059,50,238.61875
32.758311,50,239.348236
25.07897,50,240.065266
27.298937,50,240.79657
21.696859,50,241.500147
27.744729,50,242.203322
31.773301,50,242.928325
42.467164,50,243.695201
27.313074,50,244.429349
34.35563,50,245.161062
28.343021,50,245.864869
34.564811,50,246.583686
27.802851,50,247.290397
33.423506,50,248.025391
30.945308,50,248.739403
23.214359,50,249.452497
32.523754,50,250.180899
32.065949,50,250.913627
33.156428,50,251.634761
66.86617,50,252.377902
59.334201,50,253.117334
24.711008,50,253.849248
23.798943,50,254.556814
22.061655,50,255.269111
27.932021,50,256.004766
27.838362,50,256.711922
27.52162,50,257.431644
29.488961,50,258.161544
38.639972,50,258.941025
64.077644,50,259.677252
32.513446,50,260.40755
34.191127,50,261.118133
60.993437,50,261.863381
33.988847,50,262.574828
32.558009,50,263.288079
31.483489,50,264.058956
34.509305,50,264.809191
26.902273,50,265.53107
35.586211,50,266.254659
28.43834,50,266.982696
21.181647,50,267.735095
60.203046,50,268.495065
35.715561,50,269.231445
32.214623,50,269.942013
32.135775,50,270.694283
27.087302,50,271.413345
32.120579,50,272.130287
35.544894,50,272.856152
33.05047,50,273.58277
94.423829,50,274.314818
35.217498,50,275.046524
37.707443,50,275.779731
36.735441,50,276.514567
36.970136,50,277.224666
94.462225,50,277.973962
19.365465,50,278.728904
18.238635,50,279.441895
38.826177,50,280.161043
35.165818,50,280.877682
35.148032,50,281.590246
37.514526,50,282.321868
98.880867,50,283.038922
33.631098,50,283.750639
29.701521,50,284.47858
27.053954,50,285.183503
33.64448,50,285.905891
101.255736,50,286.637665
36.248373,50,287.374735
86.608072,50,288.084846
89.823487,50,288.811372
20.799685,50,289.547283
107.031492,50,290.268708
13.45682,50,290.987293
31.199755,50,291.704065
31.798817,50,292.43286
32.644946,50,293.166695
93.315894,50,293.945654
26.780258,50,294.658344
33.528605,50,295.407017
31.325152,50,296.126163
34.430823,50,296.846695
37.663835,50,297.589532
33.300862,50,298.334651
25.364016,50,299.044962
24.600673,50,299.750161
24.775518,50,300.453806
26.974144,50,301.165321
40.986835,50,301.889749
29.991671,50,302.611249
19.52905,50,303.329942
29.050033,50,304.044799
33.354104,50,304.815418
37.589012,50,305.540496
32.865914,50,306.27416
23.872182,50,306.985716
34.988515,50,307.729164
33.720838,50,308.451737
24.383283,50,309.191304
102.518425,50,309.916351
28.089283,50,310.698858
29.245057,50,311.441308
91.441033,50,312.204728
97.014857,50,312.997859
18.69728,50,313.722879
30.77695,50,314.428095
25.170657,50,315.159628
41.352978,50,315.886429
25.555722,50,316.607898
25.026414,50,317.315763
33.620697,50,318.040975
18.276638,50,318.755111
27.57405,50,319.487292
36.524531,50,320.254318
23.514116,50,320.988823
21.981861,50,321.696427
41.198927,50,322.415529
27.033075,50,323.125414
30.69809,50,323.84204
17.707072,50,324.548887
98.492506,50,325.2654
40.259608,50,326.049955
21.953255,50,326.757959
18.168216,50,327.464289
30.617335,50,328.198816
43.961825,50,328.92619
32.045759,50,329.646015
25.494986,50,330.39187
28.066487,50,331.107144
21.185138,50,331.814953
36.712147,50,332.527867
37.145229,50,333.247673
97.121139,50,333.973381
27.997311,50,334.672985
92.437958,50,335.410002
30.72589,50,336.117573
21.297153,50,336.831112
23.850785,50,337.565399
31.065218,50,338.289284
27.05443,50,339.003116
96.638488,50,339.733525
35.164768,50,340.472775
35.92805,50,341.196573
26.443389,50,341.918566
34.834059,50,342.642013
32.007122,50,343.38255
91.875969,50,344.100636
31.990683,50,344.80398
27.413873,50,345.54073
29.581061,50,346.270351
34.725256,50,347.007693
31.289296,50,347.723345
29.597186,50,348.42778
90.142658,50,349.193078
36.946423,50,349.917691
36.821429,50,350.625548
32.125394,50,351.334089
98.189843,50,352.060262
33.707131,50,352.770004
33.964561,50,353.508195
35.491784,50,354.227404
38.377787,50,354.990426
101.047316,50,355.71526
17.03789,50,356.432563
32.237184,50,357.15741
24.859745,50,357.896063
29.020585,50,358.626871
36.648267,50,359.37
100.581547,50,360.095671
35.135325,50,360.829345
30.967807,50,361.541078
102.881792,50,362.286615
30.058957,50,363.015219
35.850218,50,363.757407
27.624374,50,364.460786
28.170613,50,365.176116
38.21671,50,365.889891
29.915049,50,366.601053
26.679756,50,367.329704
98.149701,50,368.105706
32.141135,50,368.850751
97.587937,50,369.560808
36.183891,50,370.293778
37.671122,50,371.027492
54.750043,50,371.733836
32.153067,50,372.487381
27.548213,50,373.237893
98.815065,50,373.988381
35.075974,50,374.725883
99.287074,50,375.463078
36.124097,50,376.185486
28.98775,50,376.900024
31.849291,50,377.616922
38.954613,50,378.342304
81.764281,50,379.065728
45.477986,50,379.774385
39.104805,50,380.489553
18.964653,50,381.229976
79.817411,50,381.976757
31.944231,50,382.694164
93.126899,50,383.425671
92.539851,50,384.147487
54.092958,50,384.878262
27.643488,50,385.590343
30.146412,50,386.310904
35.346754,50,387.074474
22.778407,50,387.787606
34.210844,50,388.505136
35.671672,50,389.219691
14.754293,50,389.928322
33.514551,50,390.651882
32.756687,50,391.35811
38.81439,50,392.141906
30.76605,50,392.853019
93.869974,50,393.578599
40.595008,50,394.318215
29.10902,50,395.030387
26.233978,50,395.742044
39.72237,50,396.488341
42.544718,50,397.205182
99.49637,50,397.942427
43.246486,50,398.686025
37.707714,50,399.425809
19.397644,50,400.153575
39.325823,50,400.923948
64.697444,50,401.633728
40.035165,50,402.382052
41.643467,50,403.119798
92.432511,50,403.9098
34.605454,50,404.641669
35.574819,50,405.374026
93.572532,50,406.093908
37.038742,50,406.833505
34.143845,50,407.549952
33.987172,50,408.287667
32.427783,50,409.023562
30.571496,50,409.758224
54.049481,50,410.482422
35.097647,50,411.223279
27.471448,50,411.947885
45.841914,50,412.670296
91.199539,50,413.390311
34.042793,50,414.108439
36.787283,50,414.833247
35.033031,50,415.574076
37.641305,50,416.2953
95.83658,50,417.032322
36.573282,50,417.745138
33.658227,50,418.489062
57.943601,50,419.206473
29.362554,50,419.930962
27.053861,50,420.661096
29.158853,50,421.40402
33.475845,50,422.113572
35.782158,50,422.83286
33.662074,50,423.550463
37.206463,50,424.273085
32.17746,50,425.025172
32.19123,50,425.742045
34.592502,50,426.450514
26.211869,50,427.18481
35.090559,50,427.897401
32.88783,50,428.601005
42.280434,50,429.323976
32.411506,50,430.047611
91.360065,50,430.758953
34.695716,50,431.473006
97.112363,50,432.192063
32.778353,50,432.930543
103.46818,50,433.672099
25.201881,50,434.396085
31.44344,50,435.120387
32.602712,50,435.831287
40.966479,50,436.579134
26.760554,50,437.279474
33.372325,50,438.003619
34.929244,50,438.737154
68.057297,50,439.470347
28.970299,50,440.184365
36.371648,50,440.930925
32.08902,50,441.645127
